{"cameraMode":{"drawMode":0,"name":"Shaded","section":"Shading Mode"},"sceneLighting":false,"audioPlay":false,"sceneViewState":{"m_AlwaysRefresh":false,"showFog":true,"showSkybox":true,"showFlares":true,"showImageEffects":true,"showParticleSystems":true,"showVisualEffectGraphs":true,"m_FxEnabled":true},"in2DMode":false,"pivot":{"x":57.456966400146487,"y":10.402654647827149,"z":775.6782836914063},"rotation":{"x":0.1767662763595581,"y":-0.5491748452186585,"z":0.12015560269355774,"w":0.8079167604446411},"size":1.2869962453842164,"orthographic":false}