{"cameraMode":{"drawMode":0,"name":"Shaded","section":"Shading Mode"},"sceneLighting":false,"audioPlay":false,"sceneViewState":{"m_AlwaysRefresh":false,"showFog":true,"showSkybox":false,"showFlares":true,"showImageEffects":true,"showParticleSystems":true,"showVisualEffectGraphs":true,"m_FxEnabled":true},"in2DMode":false,"pivot":{"x":2.41555118560791,"y":17.610090255737306,"z":-29.30342674255371},"rotation":{"x":-0.06924617290496826,"y":0.021587027236819269,"z":-0.0015850504860281945,"w":-0.9975379705429077},"size":19.34933090209961,"orthographic":false}